{
	"pages": [ //pages数组中第一项表示应用启动页,
		{
			"path": "pages/guide/guide",
			"style": {}
		},
		{
			"path": "pages/main/main",
			"style": {
				"navigationBarTitleText": "首页"
			}
		}, {
			"path": "pages/login/login",
			"style": {
				"navigationBarTitleText": "登录"
			}
		}, {
			"path": "pages/user/user",
			"style": {
				"navigationBarTitleText": "我的"
			}
		}, {
			"path": "pages/navigation/navigation",
			"style": {
				"navigationBarTitleText": "导航"
			}
		}, {
			"path": "pages/mySpaceState/mySpaceState",
			"style": {
				"navigationBarTitleText": "车位状态查看"
			}
		}, {
			"path": "pages/message/message",
			"style": {
				"navigationBarTitleText": "消息盒子"
			}
		}, {
			"path": "pages/pay/pay",
			"style": {
				"navigationBarTitleText": "支付"
			}
		}, {
			"path": "pages/accountingRules/accountingRules",
			"style": {
				"navigationBarTitleText": "计费规则"
			}
		}, {
			"path": "pages/contactUs/contactUs",
			"style": {
				"navigationBarTitleText": "联系我们"
			}
		}
	],
	"tabBar": {
		"color": "#7a7e83",
		"selectedColor": "#0faeff",
		"backgroundColor": "#ffffff",
		"list": [{
			"pagePath": "pages/main/main",
			"text": "首页",
			"iconPath": "static/img/home.png",
			"selectedIconPath": "static/img/homeHL.png"
		}, {
			"pagePath": "pages/navigation/navigation",
			"text": "导航",
			"iconPath": "static/img/naviga.png",
			"selectedIconPath": "static/img/navigaHL.png"
		}, {
			"pagePath": "pages/user/user",
			"text": "我的",
			"iconPath": "static/img/user.png",
			"selectedIconPath": "static/img/userHL.png"
		}]
	},
	"globalStyle": {
		"navigationBarTextStyle": "white",
		"navigationBarBackgroundColor": "#0faeff",
		"backgroundColor": "#fbf9fe"
	}
}
