{
    "pages": [ //pages数组中第一项表示应用启动页,
        {
            "path": "pages/main/main",
            "style": {
                "navigationBarTitleText": "登录模板"
            }
        }, {
            "path": "pages/login/login",
            "style": {
                "navigationBarTitleText": "登录"
            }
        }, {
            "path": "pages/reg/reg",
            "style": {
                "navigationBarTitleText": "注册"
            }
        }, {
            "path": "pages/pwd/pwd",
            "style": {
                "navigationBarTitleText": "找回密码"
            }
        }, {
            "path": "pages/user/user",
            "style": {
                "navigationBarTitleText": "我的"
            }
        }
    ],
    "tabBar": {
        "color": "#7a7e83",
        "selectedColor": "#0faeff",
        "backgroundColor": "#ffffff",
        "list": [{
            "pagePath": "pages/main/main",
            "text": "首页",
            "iconPath": "static/img/home.png",
            "selectedIconPath": "static/img/homeHL.png"
        }, {
            "pagePath": "pages/user/user",
            "text": "我的",
            "iconPath": "static/img/user.png",
            "selectedIconPath": "static/img/userHL.png"
        }]
    },
    "globalStyle": {
        "navigationBarTextStyle": "white",
        "navigationBarBackgroundColor": "#0faeff",
        "backgroundColor": "#fbf9fe"
    }
}
